modo,lidos,previos,inseridos,redundantes,comp_ordenacao,comp_busca,comp_total,tempo_ordenacao_s,tempo_verificacao_s,tempo_total_s
seq-iter,10,0,10,0,0,45,45,0.000000000,0.000002538,0.000002538
seq-iter,10,0,10,0,0,45,45,0.000000000,0.000002551,0.000002551
seq-iter,10,0,10,0,0,45,45,0.000000000,0.000002475,0.000002475
seq-iter,10,0,10,0,0,45,45,0.000000000,0.000002582,0.000002582
seq-iter,10,0,10,0,0,45,45,0.000000000,0.000002487,0.000002487
seq-iter,10,0,10,0,0,45,45,0.000000000,0.000003208,0.000003208
seq-iter,10,0,10,0,0,45,45,0.000000000,0.000002381,0.000002381
seq-iter,10,0,10,0,0,45,45,0.000000000,0.000002435,0.000002435
seq-iter,10,0,10,0,0,45,45,0.000000000,0.000002530,0.000002530
seq-iter,10,0,10,0,0,45,45,0.000000000,0.000002691,0.000002691
seq-iter,10,0,10,0,0,45,45,0.000000000,0.000003962,0.000003962
seq-iter,10,0,10,0,0,45,45,0.000000000,0.000002493,0.000002493
seq-iter,10,0,10,0,0,45,45,0.000000000,0.000002490,0.000002490
seq-iter,10,0,10,0,0,45,45,0.000000000,0.000002531,0.000002531
seq-iter,10,0,10,0,0,45,45,0.000000000,0.000002558,0.000002558
seq-rec,10,0,10,0,0,45,45,0.000000000,0.000002777,0.000002777
seq-rec,10,0,10,0,0,45,45,0.000000000,0.000002947,0.000002947
seq-rec,10,0,10,0,0,45,45,0.000000000,0.000002981,0.000002981
seq-rec,10,0,10,0,0,45,45,0.000000000,0.000002883,0.000002883
seq-rec,10,0,10,0,0,45,45,0.000000000,0.000002847,0.000002847
seq-rec,10,0,10,0,0,45,45,0.000000000,0.000002755,0.000002755
seq-rec,10,0,10,0,0,45,45,0.000000000,0.000002704,0.000002704
seq-rec,10,0,10,0,0,45,45,0.000000000,0.000002644,0.000002644
seq-rec,10,0,10,0,0,45,45,0.000000000,0.000002844,0.000002844
seq-rec,10,0,10,0,0,45,45,0.000000000,0.000004136,0.000004136
seq-rec,10,0,10,0,0,45,45,0.000000000,0.000002930,0.000002930
seq-rec,10,0,10,0,0,45,45,0.000000000,0.000002636,0.000002636
seq-rec,10,0,10,0,0,45,45,0.000000000,0.000003070,0.000003070
seq-rec,10,0,10,0,0,45,45,0.000000000,0.000003485,0.000003485
seq-rec,10,0,10,0,0,45,45,0.000000000,0.000002953,0.000002953
bin-iter,10,0,10,0,27,36,63,0.000001530,0.000003301,0.000004831
bin-iter,10,0,10,0,27,36,63,0.000001549,0.000003177,0.000004726
bin-iter,10,0,10,0,27,36,63,0.000001463,0.000003269,0.000004732
bin-iter,10,0,10,0,27,36,63,0.000001581,0.000003294,0.000004875
bin-iter,10,0,10,0,27,36,63,0.000001634,0.000003352,0.000004986
bin-iter,10,0,10,0,27,36,63,0.000001641,0.000003515,0.000005156
bin-iter,10,0,10,0,27,36,63,0.000001507,0.000003379,0.000004886
bin-iter,10,0,10,0,27,36,63,0.000001600,0.000003146,0.000004746
bin-iter,10,0,10,0,27,36,63,0.000001572,0.000003658,0.000005230
bin-iter,10,0,10,0,27,36,63,0.000001472,0.000003518,0.000004990
bin-iter,10,0,10,0,27,36,63,0.000001901,0.000004092,0.000005993
bin-iter,10,0,10,0,27,36,63,0.000001889,0.000007441,0.000009330
bin-iter,10,0,10,0,27,36,63,0.000001606,0.000003372,0.000004978
bin-iter,10,0,10,0,27,36,63,0.000001589,0.000003471,0.000005060
bin-iter,10,0,10,0,27,36,63,0.000001543,0.000003493,0.000005036
bin-rec,10,0,10,0,22,36,58,0.000001569,0.000003348,0.000004917
bin-rec,10,0,10,0,22,36,58,0.000001568,0.000003472,0.000005040
bin-rec,10,0,10,0,22,36,58,0.000001579,0.000003736,0.000005315
bin-rec,10,0,10,0,22,36,58,0.000001574,0.000003522,0.000005096
bin-rec,10,0,10,0,22,36,58,0.000001474,0.000006269,0.000007743
bin-rec,10,0,10,0,22,36,58,0.000001665,0.000003518,0.000005183
bin-rec,10,0,10,0,22,36,58,0.000001629,0.000003281,0.000004910
bin-rec,10,0,10,0,22,36,58,0.000001650,0.000003447,0.000005097
bin-rec,10,0,10,0,22,36,58,0.000001550,0.000003433,0.000004983
bin-rec,10,0,10,0,22,36,58,0.000001651,0.000003684,0.000005335
bin-rec,10,0,10,0,22,36,58,0.000001703,0.000003605,0.000005308
bin-rec,10,0,10,0,22,36,58,0.000001650,0.000003482,0.000005132
bin-rec,10,0,10,0,22,36,58,0.000001548,0.000003461,0.000005009
bin-rec,10,0,10,0,22,36,58,0.000001544,0.000003278,0.000004822
bin-rec,10,0,10,0,22,36,58,0.000001454,0.000003357,0.000004811
seq-iter,20,0,20,0,0,190,190,0.000000000,0.000005992,0.000005992
seq-iter,20,0,20,0,0,190,190,0.000000000,0.000005565,0.000005565
seq-iter,20,0,20,0,0,190,190,0.000000000,0.000005777,0.000005777
seq-iter,20,0,20,0,0,190,190,0.000000000,0.000005626,0.000005626
seq-iter,20,0,20,0,0,190,190,0.000000000,0.000005709,0.000005709
seq-iter,20,0,20,0,0,190,190,0.000000000,0.000026686,0.000026686
seq-iter,20,0,20,0,0,190,190,0.000000000,0.000084179,0.000084179
seq-iter,20,0,20,0,0,190,190,0.000000000,0.000005883,0.000005883
seq-iter,20,0,20,0,0,190,190,0.000000000,0.000006200,0.000006200
seq-iter,20,0,20,0,0,190,190,0.000000000,0.000006397,0.000006397
seq-iter,20,0,20,0,0,190,190,0.000000000,0.000005886,0.000005886
seq-iter,20,0,20,0,0,190,190,0.000000000,0.000005674,0.000005674
seq-iter,20,0,20,0,0,190,190,0.000000000,0.000006164,0.000006164
seq-iter,20,0,20,0,0,190,190,0.000000000,0.000005655,0.000005655
seq-iter,20,0,20,0,0,190,190,0.000000000,0.000005548,0.000005548
seq-rec,20,0,20,0,0,190,190,0.000000000,0.000006136,0.000006136
seq-rec,20,0,20,0,0,190,190,0.000000000,0.000006456,0.000006456
seq-rec,20,0,20,0,0,190,190,0.000000000,0.000006115,0.000006115
seq-rec,20,0,20,0,0,190,190,0.000000000,0.000006173,0.000006173
seq-rec,20,0,20,0,0,190,190,0.000000000,0.000007834,0.000007834
seq-rec,20,0,20,0,0,190,190,0.000000000,0.000005943,0.000005943
seq-rec,20,0,20,0,0,190,190,0.000000000,0.000006161,0.000006161
seq-rec,20,0,20,0,0,190,190,0.000000000,0.000006306,0.000006306
seq-rec,20,0,20,0,0,190,190,0.000000000,0.000008217,0.000008217
seq-rec,20,0,20,0,0,190,190,0.000000000,0.000005985,0.000005985
seq-rec,20,0,20,0,0,190,190,0.000000000,0.000006106,0.000006106
seq-rec,20,0,20,0,0,190,190,0.000000000,0.000006116,0.000006116
seq-rec,20,0,20,0,0,190,190,0.000000000,0.000006146,0.000006146
seq-rec,20,0,20,0,0,190,190,0.000000000,0.000006080,0.000006080
seq-rec,20,0,20,0,0,190,190,0.000000000,0.000008008,0.000008008
bin-iter,20,0,20,0,67,90,157,0.000002417,0.000004942,0.000007359
bin-iter,20,0,20,0,67,90,157,0.000002611,0.000004907,0.000007518
bin-iter,20,0,20,0,67,90,157,0.000002592,0.000004880,0.000007472
bin-iter,20,0,20,0,67,90,157,0.000002185,0.000004866,0.000007051
bin-iter,20,0,20,0,67,90,157,0.000002619,0.000024522,0.000027141
bin-iter,20,0,20,0,67,90,157,0.000002552,0.000004917,0.000007469
bin-iter,20,0,20,0,67,90,157,0.000002710,0.000004982,0.000007692
bin-iter,20,0,20,0,67,90,157,0.000002559,0.000005177,0.000007736
bin-iter,20,0,20,0,67,90,157,0.000002223,0.000005037,0.000007260
bin-iter,20,0,20,0,67,90,157,0.000002627,0.000005194,0.000007821
bin-iter,20,0,20,0,67,90,157,0.000002661,0.000005125,0.000007786
bin-iter,20,0,20,0,67,90,157,0.000002413,0.000005052,0.000007465
bin-iter,20,0,20,0,67,90,157,0.000002543,0.000005187,0.000007730
bin-iter,20,0,20,0,67,90,157,0.000002504,0.000005339,0.000007843
bin-iter,20,0,20,0,67,90,157,0.000002410,0.000004731,0.000007141
bin-rec,20,0,20,0,64,90,154,0.000002884,0.000004969,0.000007853
bin-rec,20,0,20,0,64,90,154,0.000002656,0.000005176,0.000007832
bin-rec,20,0,20,0,64,90,154,0.000002908,0.000005085,0.000007993
bin-rec,20,0,20,0,64,90,154,0.000002966,0.000005110,0.000008076
bin-rec,20,0,20,0,64,90,154,0.000002994,0.000005421,0.000008415
bin-rec,20,0,20,0,64,90,154,0.000002762,0.000005060,0.000007822
bin-rec,20,0,20,0,64,90,154,0.000003050,0.000005288,0.000008338
bin-rec,20,0,20,0,64,90,154,0.000002747,0.000005025,0.000007772
bin-rec,20,0,20,0,64,90,154,0.000002924,0.000005415,0.000008339
bin-rec,20,0,20,0,64,90,154,0.000002800,0.000005115,0.000007915
bin-rec,20,0,20,0,64,90,154,0.000003104,0.000005854,0.000008958
bin-rec,20,0,20,0,64,90,154,0.000003058,0.000005368,0.000008426
bin-rec,20,0,20,0,64,90,154,0.000002758,0.000005244,0.000008002
bin-rec,20,0,20,0,64,90,154,0.000003234,0.000005321,0.000008555
bin-rec,20,0,20,0,64,90,154,0.000003171,0.000005253,0.000008424
seq-iter,40,0,40,0,0,780,780,0.000000000,0.000012442,0.000012442
seq-iter,40,0,40,0,0,780,780,0.000000000,0.000015539,0.000015539
seq-iter,40,0,40,0,0,780,780,0.000000000,0.000039639,0.000039639
seq-iter,40,0,40,0,0,780,780,0.000000000,0.000013823,0.000013823
seq-iter,40,0,40,0,0,780,780,0.000000000,0.000011345,0.000011345
seq-iter,40,0,40,0,0,780,780,0.000000000,0.000010852,0.000010852
seq-iter,40,0,40,0,0,780,780,0.000000000,0.000011313,0.000011313
seq-iter,40,0,40,0,0,780,780,0.000000000,0.000017869,0.000017869
seq-iter,40,0,40,0,0,780,780,0.000000000,0.000013909,0.000013909
seq-iter,40,0,40,0,0,780,780,0.000000000,0.000012639,0.000012639
seq-iter,40,0,40,0,0,780,780,0.000000000,0.000010870,0.000010870
seq-iter,40,0,40,0,0,780,780,0.000000000,0.000016095,0.000016095
seq-iter,40,0,40,0,0,780,780,0.000000000,0.000011019,0.000011019
seq-iter,40,0,40,0,0,780,780,0.000000000,0.000012917,0.000012917
seq-iter,40,0,40,0,0,780,780,0.000000000,0.000011036,0.000011036
seq-rec,40,0,40,0,0,780,780,0.000000000,0.000013225,0.000013225
seq-rec,40,0,40,0,0,780,780,0.000000000,0.000013424,0.000013424
seq-rec,40,0,40,0,0,780,780,0.000000000,0.000014690,0.000014690
seq-rec,40,0,40,0,0,780,780,0.000000000,0.000013772,0.000013772
seq-rec,40,0,40,0,0,780,780,0.000000000,0.000013023,0.000013023
seq-rec,40,0,40,0,0,780,780,0.000000000,0.000014797,0.000014797
seq-rec,40,0,40,0,0,780,780,0.000000000,0.000014375,0.000014375
seq-rec,40,0,40,0,0,780,780,0.000000000,0.000016919,0.000016919
seq-rec,40,0,40,0,0,780,780,0.000000000,0.000013284,0.000013284
seq-rec,40,0,40,0,0,780,780,0.000000000,0.000013229,0.000013229
seq-rec,40,0,40,0,0,780,780,0.000000000,0.000013888,0.000013888
seq-rec,40,0,40,0,0,780,780,0.000000000,0.000013011,0.000013011
seq-rec,40,0,40,0,0,780,780,0.000000000,0.000013302,0.000013302
seq-rec,40,0,40,0,0,780,780,0.000000000,0.000015668,0.000015668
seq-rec,40,0,40,0,0,780,780,0.000000000,0.000013193,0.000013193
bin-iter,40,0,40,0,177,218,395,0.000005025,0.000008085,0.000013110
bin-iter,40,0,40,0,177,218,395,0.000005012,0.000008022,0.000013034
bin-iter,40,0,40,0,177,218,395,0.000004818,0.000009942,0.000014760
bin-iter,40,0,40,0,177,218,395,0.000006130,0.000010431,0.000016561
bin-iter,40,0,40,0,177,218,395,0.000011970,0.000008659,0.000020629
bin-iter,40,0,40,0,177,218,395,0.000004767,0.000017441,0.000022208
bin-iter,40,0,40,0,177,218,395,0.000005184,0.000007843,0.000013027
bin-iter,40,0,40,0,177,218,395,0.000004791,0.000008030,0.000012821
bin-iter,40,0,40,0,177,218,395,0.000005257,0.000008146,0.000013403
bin-iter,40,0,40,0,177,218,395,0.000005255,0.000008998,0.000014253
bin-iter,40,0,40,0,177,218,395,0.000004731,0.000009782,0.000014513
bin-iter,40,0,40,0,177,218,395,0.000005181,0.000008500,0.000013681
bin-iter,40,0,40,0,177,218,395,0.000004837,0.000009988,0.000014825
bin-iter,40,0,40,0,177,218,395,0.000005186,0.000007930,0.000013116
bin-iter,40,0,40,0,177,218,395,0.000005224,0.000010854,0.000016078
bin-rec,40,0,40,0,167,218,385,0.000005149,0.000008709,0.000013858
bin-rec,40,0,40,0,167,218,385,0.000005769,0.000009070,0.000014839
bin-rec,40,0,40,0,167,218,385,0.000005925,0.000008082,0.000014007
bin-rec,40,0,40,0,167,218,385,0.000005803,0.000008822,0.000014625
bin-rec,40,0,40,0,167,218,385,0.000005959,0.000008874,0.000014833
bin-rec,40,0,40,0,167,218,385,0.000005470,0.000010590,0.000016060
bin-rec,40,0,40,0,167,218,385,0.000005696,0.000010834,0.000016530
bin-rec,40,0,40,0,167,218,385,0.000005809,0.000012407,0.000018216
bin-rec,40,0,40,0,167,218,385,0.000005349,0.000008326,0.000013675
bin-rec,40,0,40,0,167,218,385,0.000005519,0.000010399,0.000015918
bin-rec,40,0,40,0,167,218,385,0.000009382,0.000008813,0.000018195
bin-rec,40,0,40,0,167,218,385,0.000005764,0.000010038,0.000015802
bin-rec,40,0,40,0,167,218,385,0.000006256,0.000008989,0.000015245
bin-rec,40,0,40,0,167,218,385,0.000005826,0.000008748,0.000014574
bin-rec,40,0,40,0,167,218,385,0.000005522,0.000030504,0.000036026
seq-iter,80,0,80,0,0,3160,3160,0.000000000,0.000032421,0.000032421
seq-iter,80,0,80,0,0,3160,3160,0.000000000,0.000033302,0.000033302
seq-iter,80,0,80,0,0,3160,3160,0.000000000,0.000025192,0.000025192
seq-iter,80,0,80,0,0,3160,3160,0.000000000,0.000025487,0.000025487
seq-iter,80,0,80,0,0,3160,3160,0.000000000,0.000025155,0.000025155
seq-iter,80,0,80,0,0,3160,3160,0.000000000,0.000026409,0.000026409
seq-iter,80,0,80,0,0,3160,3160,0.000000000,0.000035857,0.000035857
seq-iter,80,0,80,0,0,3160,3160,0.000000000,0.000024888,0.000024888
seq-iter,80,0,80,0,0,3160,3160,0.000000000,0.000025163,0.000025163
seq-iter,80,0,80,0,0,3160,3160,0.000000000,0.000025572,0.000025572
seq-iter,80,0,80,0,0,3160,3160,0.000000000,0.000025552,0.000025552
seq-iter,80,0,80,0,0,3160,3160,0.000000000,0.000024651,0.000024651
seq-iter,80,0,80,0,0,3160,3160,0.000000000,0.000025314,0.000025314
seq-iter,80,0,80,0,0,3160,3160,0.000000000,0.000026488,0.000026488
seq-iter,80,0,80,0,0,3160,3160,0.000000000,0.000027681,0.000027681
seq-rec,80,0,80,0,0,3160,3160,0.000000000,0.000047689,0.000047689
seq-rec,80,0,80,0,0,3160,3160,0.000000000,0.000044733,0.000044733
seq-rec,80,0,80,0,0,3160,3160,0.000000000,0.000043997,0.000043997
seq-rec,80,0,80,0,0,3160,3160,0.000000000,0.000043659,0.000043659
seq-rec,80,0,80,0,0,3160,3160,0.000000000,0.000044410,0.000044410
seq-rec,80,0,80,0,0,3160,3160,0.000000000,0.000046872,0.000046872
seq-rec,80,0,80,0,0,3160,3160,0.000000000,0.000046873,0.000046873
seq-rec,80,0,80,0,0,3160,3160,0.000000000,0.000043460,0.000043460
seq-rec,80,0,80,0,0,3160,3160,0.000000000,0.000042984,0.000042984
seq-rec,80,0,80,0,0,3160,3160,0.000000000,0.000042371,0.000042371
seq-rec,80,0,80,0,0,3160,3160,0.000000000,0.000042703,0.000042703
seq-rec,80,0,80,0,0,3160,3160,0.000000000,0.000065525,0.000065525
seq-rec,80,0,80,0,0,3160,3160,0.000000000,0.000042213,0.000042213
seq-rec,80,0,80,0,0,3160,3160,0.000000000,0.000044686,0.000044686
seq-rec,80,0,80,0,0,3160,3160,0.000000000,0.000055221,0.000055221
bin-iter,80,0,80,0,420,514,934,0.000009252,0.000015215,0.000024467
bin-iter,80,0,80,0,420,514,934,0.000011390,0.000018457,0.000029847
bin-iter,80,0,80,0,420,514,934,0.000010157,0.000016037,0.000026194
bin-iter,80,0,80,0,420,514,934,0.000011907,0.000018297,0.000030204
bin-iter,80,0,80,0,420,514,934,0.000010980,0.000015468,0.000026448
bin-iter,80,0,80,0,420,514,934,0.000009338,0.000015490,0.000024828
bin-iter,80,0,80,0,420,514,934,0.000009582,0.000015253,0.000024835
bin-iter,80,0,80,0,420,514,934,0.000013521,0.000014919,0.000028440
bin-iter,80,0,80,0,420,514,934,0.000008945,0.000014559,0.000023504
bin-iter,80,0,80,0,420,514,934,0.000010022,0.000014654,0.000024676
bin-iter,80,0,80,0,420,514,934,0.000009562,0.000015351,0.000024913
bin-iter,80,0,80,0,420,514,934,0.000009473,0.000015036,0.000024509
bin-iter,80,0,80,0,420,514,934,0.000010108,0.000015846,0.000025954
bin-iter,80,0,80,0,420,514,934,0.000009809,0.000014880,0.000024689
bin-iter,80,0,80,0,420,514,934,0.000009621,0.000014526,0.000024147
bin-rec,80,0,80,0,412,514,926,0.000010781,0.000016233,0.000027014
bin-rec,80,0,80,0,412,514,926,0.000010973,0.000017752,0.000028725
bin-rec,80,0,80,0,412,514,926,0.000010375,0.000016762,0.000027137
bin-rec,80,0,80,0,412,514,926,0.000011625,0.000015787,0.000027412
bin-rec,80,0,80,0,412,514,926,0.000010336,0.000015031,0.000025367
bin-rec,80,0,80,0,412,514,926,0.000010849,0.000015548,0.000026397
bin-rec,80,0,80,0,412,514,926,0.000010680,0.000016995,0.000027675
bin-rec,80,0,80,0,412,514,926,0.000010616,0.000016033,0.000026649
bin-rec,80,0,80,0,412,514,926,0.000011571,0.000015174,0.000026745
bin-rec,80,0,80,0,412,514,926,0.000011222,0.000016423,0.000027645
bin-rec,80,0,80,0,412,514,926,0.000011112,0.000026323,0.000037435
bin-rec,80,0,80,0,412,514,926,0.000011370,0.000015475,0.000026845
bin-rec,80,0,80,0,412,514,926,0.000010942,0.000015588,0.000026530
bin-rec,80,0,80,0,412,514,926,0.000010479,0.000015686,0.000026165
bin-rec,80,0,80,0,412,514,926,0.000010803,0.000017327,0.000028130
seq-iter,160,0,160,0,0,12720,12720,0.000000000,0.000083687,0.000083687
seq-iter,160,0,160,0,0,12720,12720,0.000000000,0.000095368,0.000095368
seq-iter,160,0,160,0,0,12720,12720,0.000000000,0.000090480,0.000090480
seq-iter,160,0,160,0,0,12720,12720,0.000000000,0.000082650,0.000082650
seq-iter,160,0,160,0,0,12720,12720,0.000000000,0.000083282,0.000083282
seq-iter,160,0,160,0,0,12720,12720,0.000000000,0.000083047,0.000083047
seq-iter,160,0,160,0,0,12720,12720,0.000000000,0.000093578,0.000093578
seq-iter,160,0,160,0,0,12720,12720,0.000000000,0.000102589,0.000102589
seq-iter,160,0,160,0,0,12720,12720,0.000000000,0.000083417,0.000083417
seq-iter,160,0,160,0,0,12720,12720,0.000000000,0.000087125,0.000087125
seq-iter,160,0,160,0,0,12720,12720,0.000000000,0.000085105,0.000085105
seq-iter,160,0,160,0,0,12720,12720,0.000000000,0.000085501,0.000085501
seq-iter,160,0,160,0,0,12720,12720,0.000000000,0.000083220,0.000083220
seq-iter,160,0,160,0,0,12720,12720,0.000000000,0.000084460,0.000084460
seq-iter,160,0,160,0,0,12720,12720,0.000000000,0.000083632,0.000083632
seq-rec,160,0,160,0,0,12720,12720,0.000000000,0.000181503,0.000181503
seq-rec,160,0,160,0,0,12720,12720,0.000000000,0.000177153,0.000177153
seq-rec,160,0,160,0,0,12720,12720,0.000000000,0.000179430,0.000179430
seq-rec,160,0,160,0,0,12720,12720,0.000000000,0.000182173,0.000182173
seq-rec,160,0,160,0,0,12720,12720,0.000000000,0.000178019,0.000178019
seq-rec,160,0,160,0,0,12720,12720,0.000000000,0.000217134,0.000217134
seq-rec,160,0,160,0,0,12720,12720,0.000000000,0.000177104,0.000177104
seq-rec,160,0,160,0,0,12720,12720,0.000000000,0.000178746,0.000178746
seq-rec,160,0,160,0,0,12720,12720,0.000000000,0.000176622,0.000176622
seq-rec,160,0,160,0,0,12720,12720,0.000000000,0.000202842,0.000202842
seq-rec,160,0,160,0,0,12720,12720,0.000000000,0.000216073,0.000216073
seq-rec,160,0,160,0,0,12720,12720,0.000000000,0.000184102,0.000184102
seq-rec,160,0,160,0,0,12720,12720,0.000000000,0.000181317,0.000181317
seq-rec,160,0,160,0,0,12720,12720,0.000000000,0.000194424,0.000194424
seq-rec,160,0,160,0,0,12720,12720,0.000000000,0.000216776,0.000216776
bin-iter,160,0,160,0,1004,1186,2190,0.000019966,0.000034978,0.000054944
bin-iter,160,0,160,0,1004,1186,2190,0.000023085,0.000032834,0.000055919
bin-iter,160,0,160,0,1004,1186,2190,0.000019559,0.000033881,0.000053440
bin-iter,160,0,160,0,1004,1186,2190,0.000021644,0.000032933,0.000054577
bin-iter,160,0,160,0,1004,1186,2190,0.000019565,0.000034345,0.000053910
bin-iter,160,0,160,0,1004,1186,2190,0.000019425,0.000033085,0.000052510
bin-iter,160,0,160,0,1004,1186,2190,0.000019784,0.000035881,0.000055665
bin-iter,160,0,160,0,1004,1186,2190,0.000018873,0.000034555,0.000053428
bin-iter,160,0,160,0,1004,1186,2190,0.000019982,0.000034828,0.000054810
bin-iter,160,0,160,0,1004,1186,2190,0.000019104,0.000036633,0.000055737
bin-iter,160,0,160,0,1004,1186,2190,0.000021494,0.000033992,0.000055486
bin-iter,160,0,160,0,1004,1186,2190,0.000020060,0.000055693,0.000075753
bin-iter,160,0,160,0,1004,1186,2190,0.000019532,0.000034060,0.000053592
bin-iter,160,0,160,0,1004,1186,2190,0.000029928,0.000034099,0.000064027
bin-iter,160,0,160,0,1004,1186,2190,0.000018823,0.000032722,0.000051545
bin-rec,160,0,160,0,966,1186,2152,0.000021558,0.000035634,0.000057192
bin-rec,160,0,160,0,966,1186,2152,0.000021268,0.000034283,0.000055551
bin-rec,160,0,160,0,966,1186,2152,0.000022633,0.000035882,0.000058515
bin-rec,160,0,160,0,966,1186,2152,0.000020853,0.000036392,0.000057245
bin-rec,160,0,160,0,966,1186,2152,0.000021250,0.000035924,0.000057174
bin-rec,160,0,160,0,966,1186,2152,0.000021578,0.000034133,0.000055711
bin-rec,160,0,160,0,966,1186,2152,0.000021450,0.000035688,0.000057138
bin-rec,160,0,160,0,966,1186,2152,0.000021394,0.000033859,0.000055253
bin-rec,160,0,160,0,966,1186,2152,0.000021421,0.000033836,0.000055257
bin-rec,160,0,160,0,966,1186,2152,0.000023157,0.000034343,0.000057500
bin-rec,160,0,160,0,966,1186,2152,0.000021569,0.000039189,0.000060758
bin-rec,160,0,160,0,966,1186,2152,0.000021113,0.000038724,0.000059837
bin-rec,160,0,160,0,966,1186,2152,0.000021792,0.000035054,0.000056846
bin-rec,160,0,160,0,966,1186,2152,0.000022431,0.000036248,0.000058679
bin-rec,160,0,160,0,966,1186,2152,0.000021557,0.000035086,0.000056643
seq-iter,320,0,320,0,0,51040,51040,0.000000000,0.000276357,0.000276357
seq-iter,320,0,320,0,0,51040,51040,0.000000000,0.000300316,0.000300316
seq-iter,320,0,320,0,0,51040,51040,0.000000000,0.000279836,0.000279836
seq-iter,320,0,320,0,0,51040,51040,0.000000000,0.000271710,0.000271710
seq-iter,320,0,320,0,0,51040,51040,0.000000000,0.000285822,0.000285822
seq-iter,320,0,320,0,0,51040,51040,0.000000000,0.000282121,0.000282121
seq-iter,320,0,320,0,0,51040,51040,0.000000000,0.000275650,0.000275650
seq-iter,320,0,320,0,0,51040,51040,0.000000000,0.000301669,0.000301669
seq-iter,320,0,320,0,0,51040,51040,0.000000000,0.000281487,0.000281487
seq-iter,320,0,320,0,0,51040,51040,0.000000000,0.000331405,0.000331405
seq-iter,320,0,320,0,0,51040,51040,0.000000000,0.000286994,0.000286994
seq-iter,320,0,320,0,0,51040,51040,0.000000000,0.000268098,0.000268098
seq-iter,320,0,320,0,0,51040,51040,0.000000000,0.000273860,0.000273860
seq-iter,320,0,320,0,0,51040,51040,0.000000000,0.000287623,0.000287623
seq-iter,320,0,320,0,0,51040,51040,0.000000000,0.000278967,0.000278967
seq-rec,320,0,320,0,0,51040,51040,0.000000000,0.000732562,0.000732562
seq-rec,320,0,320,0,0,51040,51040,0.000000000,0.000738680,0.000738680
seq-rec,320,0,320,0,0,51040,51040,0.000000000,0.000740032,0.000740032
seq-rec,320,0,320,0,0,51040,51040,0.000000000,0.000784355,0.000784355
seq-rec,320,0,320,0,0,51040,51040,0.000000000,0.000741583,0.000741583
seq-rec,320,0,320,0,0,51040,51040,0.000000000,0.000725028,0.000725028
seq-rec,320,0,320,0,0,51040,51040,0.000000000,0.000802335,0.000802335
seq-rec,320,0,320,0,0,51040,51040,0.000000000,0.000737046,0.000737046
seq-rec,320,0,320,0,0,51040,51040,0.000000000,0.000739867,0.000739867
seq-rec,320,0,320,0,0,51040,51040,0.000000000,0.000813121,0.000813121
seq-rec,320,0,320,0,0,51040,51040,0.000000000,0.000719757,0.000719757
seq-rec,320,0,320,0,0,51040,51040,0.000000000,0.000743300,0.000743300
seq-rec,320,0,320,0,0,51040,51040,0.000000000,0.000760815,0.000760815
seq-rec,320,0,320,0,0,51040,51040,0.000000000,0.000750947,0.000750947
seq-rec,320,0,320,0,0,51040,51040,0.000000000,0.000731723,0.000731723
bin-iter,320,0,320,0,2343,2690,5033,0.000040684,0.000068353,0.000109037
bin-iter,320,0,320,0,2343,2690,5033,0.000044222,0.000071016,0.000115238
bin-iter,320,0,320,0,2343,2690,5033,0.000042568,0.000064165,0.000106733
bin-iter,320,0,320,0,2343,2690,5033,0.000101651,0.000066834,0.000168485
bin-iter,320,0,320,0,2343,2690,5033,0.000045145,0.000070541,0.000115686
bin-iter,320,0,320,0,2343,2690,5033,0.000045935,0.000067733,0.000113668
bin-iter,320,0,320,0,2343,2690,5033,0.000041859,0.000108877,0.000150736
bin-iter,320,0,320,0,2343,2690,5033,0.000047113,0.000070503,0.000117616
bin-iter,320,0,320,0,2343,2690,5033,0.000050721,0.000063939,0.000114660
bin-iter,320,0,320,0,2343,2690,5033,0.000042108,0.000063673,0.000105781
bin-iter,320,0,320,0,2343,2690,5033,0.000042380,0.000064509,0.000106889
bin-iter,320,0,320,0,2343,2690,5033,0.000042032,0.000065569,0.000107601
bin-iter,320,0,320,0,2343,2690,5033,0.000042638,0.000076371,0.000119009
bin-iter,320,0,320,0,2343,2690,5033,0.000041656,0.000063189,0.000104845
bin-iter,320,0,320,0,2343,2690,5033,0.000041246,0.000062576,0.000103822
bin-rec,320,0,320,0,2264,2690,4954,0.000045289,0.000100954,0.000146243
bin-rec,320,0,320,0,2264,2690,4954,0.000045684,0.000067173,0.000112857
bin-rec,320,0,320,0,2264,2690,4954,0.000046230,0.000066630,0.000112860
bin-rec,320,0,320,0,2264,2690,4954,0.000044127,0.000071095,0.000115222
bin-rec,320,0,320,0,2264,2690,4954,0.000048220,0.000087946,0.000136166
bin-rec,320,0,320,0,2264,2690,4954,0.000043395,0.000075304,0.000118699
bin-rec,320,0,320,0,2264,2690,4954,0.000050814,0.000067836,0.000118650
bin-rec,320,0,320,0,2264,2690,4954,0.000047344,0.000069329,0.000116673
bin-rec,320,0,320,0,2264,2690,4954,0.000045705,0.000075076,0.000120781
bin-rec,320,0,320,0,2264,2690,4954,0.000043354,0.000067625,0.000110979
bin-rec,320,0,320,0,2264,2690,4954,0.000105476,0.000069089,0.000174565
bin-rec,320,0,320,0,2264,2690,4954,0.000042358,0.000067183,0.000109541
bin-rec,320,0,320,0,2264,2690,4954,0.000044643,0.000096704,0.000141347
bin-rec,320,0,320,0,2264,2690,4954,0.000044279,0.000066792,0.000111071
bin-rec,320,0,320,0,2264,2690,4954,0.000042193,0.000076026,0.000118219
seq-iter,640,0,640,0,0,204480,204480,0.000000000,0.001088987,0.001088987
seq-iter,640,0,640,0,0,204480,204480,0.000000000,0.001013014,0.001013014
seq-iter,640,0,640,0,0,204480,204480,0.000000000,0.001001063,0.001001063
seq-iter,640,0,640,0,0,204480,204480,0.000000000,0.001117725,0.001117725
seq-iter,640,0,640,0,0,204480,204480,0.000000000,0.001029643,0.001029643
seq-iter,640,0,640,0,0,204480,204480,0.000000000,0.001091368,0.001091368
seq-iter,640,0,640,0,0,204480,204480,0.000000000,0.001039442,0.001039442
seq-iter,640,0,640,0,0,204480,204480,0.000000000,0.001017847,0.001017847
seq-iter,640,0,640,0,0,204480,204480,0.000000000,0.001034372,0.001034372
seq-iter,640,0,640,0,0,204480,204480,0.000000000,0.001064113,0.001064113
seq-iter,640,0,640,0,0,204480,204480,0.000000000,0.001089221,0.001089221
seq-iter,640,0,640,0,0,204480,204480,0.000000000,0.001013035,0.001013035
seq-iter,640,0,640,0,0,204480,204480,0.000000000,0.001149817,0.001149817
seq-iter,640,0,640,0,0,204480,204480,0.000000000,0.001088278,0.001088278
seq-iter,640,0,640,0,0,204480,204480,0.000000000,0.001011906,0.001011906
seq-rec,640,0,640,0,0,204480,204480,0.000000000,0.002950736,0.002950736
seq-rec,640,0,640,0,0,204480,204480,0.000000000,0.002968180,0.002968180
seq-rec,640,0,640,0,0,204480,204480,0.000000000,0.002995847,0.002995847
seq-rec,640,0,640,0,0,204480,204480,0.000000000,0.003083649,0.003083649
seq-rec,640,0,640,0,0,204480,204480,0.000000000,0.002989013,0.002989013
seq-rec,640,0,640,0,0,204480,204480,0.000000000,0.003014945,0.003014945
seq-rec,640,0,640,0,0,204480,204480,0.000000000,0.002969142,0.002969142
seq-rec,640,0,640,0,0,204480,204480,0.000000000,0.002987487,0.002987487
seq-rec,640,0,640,0,0,204480,204480,0.000000000,0.002947396,0.002947396
seq-rec,640,0,640,0,0,204480,204480,0.000000000,0.002966671,0.002966671
seq-rec,640,0,640,0,0,204480,204480,0.000000000,0.002947421,0.002947421
seq-rec,640,0,640,0,0,204480,204480,0.000000000,0.002927010,0.002927010
seq-rec,640,0,640,0,0,204480,204480,0.000000000,0.003020652,0.003020652
seq-rec,640,0,640,0,0,204480,204480,0.000000000,0.003043525,0.003043525
seq-rec,640,0,640,0,0,204480,204480,0.000000000,0.002997823,0.002997823
bin-iter,640,0,640,0,5329,6018,11347,0.000100900,0.000133922,0.000234822
bin-iter,640,0,640,0,5329,6018,11347,0.000093248,0.000187108,0.000280356
bin-iter,640,0,640,0,5329,6018,11347,0.000092372,0.000158117,0.000250489
bin-iter,640,0,640,0,5329,6018,11347,0.000098504,0.000129835,0.000228339
bin-iter,640,0,640,0,5329,6018,11347,0.000093933,0.000137249,0.000231182
bin-iter,640,0,640,0,5329,6018,11347,0.000093286,0.000131274,0.000224560
bin-iter,640,0,640,0,5329,6018,11347,0.000112112,0.000130814,0.000242926
bin-iter,640,0,640,0,5329,6018,11347,0.000102464,0.000129424,0.000231888
bin-iter,640,0,640,0,5329,6018,11347,0.000100218,0.000204507,0.000304725
bin-iter,640,0,640,0,5329,6018,11347,0.000092144,0.000151797,0.000243941
bin-iter,640,0,640,0,5329,6018,11347,0.000096006,0.000137355,0.000233361
bin-iter,640,0,640,0,5329,6018,11347,0.000093620,0.000129026,0.000222646
bin-iter,640,0,640,0,5329,6018,11347,0.000095843,0.000134227,0.000230070
bin-iter,640,0,640,0,5329,6018,11347,0.000124627,0.000141635,0.000266262
bin-iter,640,0,640,0,5329,6018,11347,0.000091197,0.000128184,0.000219381
bin-rec,640,0,640,0,5173,6018,11191,0.000095806,0.000143814,0.000239620
bin-rec,640,0,640,0,5173,6018,11191,0.000116662,0.000139441,0.000256103
bin-rec,640,0,640,0,5173,6018,11191,0.000109705,0.000146833,0.000256538
bin-rec,640,0,640,0,5173,6018,11191,0.000096365,0.000144284,0.000240649
bin-rec,640,0,640,0,5173,6018,11191,0.000104543,0.000147515,0.000252058
bin-rec,640,0,640,0,5173,6018,11191,0.000103210,0.000139260,0.000242470
bin-rec,640,0,640,0,5173,6018,11191,0.000097328,0.000177352,0.000274680
bin-rec,640,0,640,0,5173,6018,11191,0.000096966,0.000144326,0.000241292
bin-rec,640,0,640,0,5173,6018,11191,0.000165931,0.000221687,0.000387618
bin-rec,640,0,640,0,5173,6018,11191,0.000095835,0.000146175,0.000242010
bin-rec,640,0,640,0,5173,6018,11191,0.000098957,0.000142220,0.000241177
bin-rec,640,0,640,0,5173,6018,11191,0.000098641,0.000140560,0.000239201
bin-rec,640,0,640,0,5173,6018,11191,0.000129107,0.000152911,0.000282018
bin-rec,640,0,640,0,5173,6018,11191,0.000104044,0.000139338,0.000243382
bin-rec,640,0,640,0,5173,6018,11191,0.000106368,0.000147691,0.000254059
seq-iter,718,0,718,0,0,257403,257403,0.000000000,0.001266533,0.001266533
seq-iter,718,0,718,0,0,257403,257403,0.000000000,0.001252959,0.001252959
seq-iter,718,0,718,0,0,257403,257403,0.000000000,0.001328161,0.001328161
seq-iter,718,0,718,0,0,257403,257403,0.000000000,0.001335735,0.001335735
seq-iter,718,0,718,0,0,257403,257403,0.000000000,0.001262271,0.001262271
seq-iter,718,0,718,0,0,257403,257403,0.000000000,0.001273645,0.001273645
seq-iter,718,0,718,0,0,257403,257403,0.000000000,0.001282668,0.001282668
seq-iter,718,0,718,0,0,257403,257403,0.000000000,0.001283039,0.001283039
seq-iter,718,0,718,0,0,257403,257403,0.000000000,0.001294749,0.001294749
seq-iter,718,0,718,0,0,257403,257403,0.000000000,0.001323454,0.001323454
seq-iter,718,0,718,0,0,257403,257403,0.000000000,0.001350779,0.001350779
seq-iter,718,0,718,0,0,257403,257403,0.000000000,0.001280871,0.001280871
seq-iter,718,0,718,0,0,257403,257403,0.000000000,0.001266885,0.001266885
seq-iter,718,0,718,0,0,257403,257403,0.000000000,0.001277101,0.001277101
seq-iter,718,0,718,0,0,257403,257403,0.000000000,0.001248074,0.001248074
seq-rec,718,0,718,0,0,257403,257403,0.000000000,0.003784645,0.003784645
seq-rec,718,0,718,0,0,257403,257403,0.000000000,0.003741169,0.003741169
seq-rec,718,0,718,0,0,257403,257403,0.000000000,0.003781287,0.003781287
seq-rec,718,0,718,0,0,257403,257403,0.000000000,0.003772117,0.003772117
seq-rec,718,0,718,0,0,257403,257403,0.000000000,0.003828981,0.003828981
seq-rec,718,0,718,0,0,257403,257403,0.000000000,0.003757052,0.003757052
seq-rec,718,0,718,0,0,257403,257403,0.000000000,0.003751341,0.003751341
seq-rec,718,0,718,0,0,257403,257403,0.000000000,0.003720703,0.003720703
seq-rec,718,0,718,0,0,257403,257403,0.000000000,0.003776422,0.003776422
seq-rec,718,0,718,0,0,257403,257403,0.000000000,0.003748267,0.003748267
seq-rec,718,0,718,0,0,257403,257403,0.000000000,0.003781127,0.003781127
seq-rec,718,0,718,0,0,257403,257403,0.000000000,0.003797903,0.003797903
seq-rec,718,0,718,0,0,257403,257403,0.000000000,0.003776416,0.003776416
seq-rec,718,0,718,0,0,257403,257403,0.000000000,0.003765568,0.003765568
seq-rec,718,0,718,0,0,257403,257403,0.000000000,0.003763568,0.003763568
bin-iter,718,0,718,0,6024,6876,12900,0.000110063,0.000159785,0.000269848
bin-iter,718,0,718,0,6024,6876,12900,0.000103742,0.000169260,0.000273002
bin-iter,718,0,718,0,6024,6876,12900,0.000102178,0.000174269,0.000276447
bin-iter,718,0,718,0,6024,6876,12900,0.000107867,0.000151169,0.000259036
bin-iter,718,0,718,0,6024,6876,12900,0.000102208,0.000235142,0.000337350
bin-iter,718,0,718,0,6024,6876,12900,0.000102096,0.000176123,0.000278219
bin-iter,718,0,718,0,6024,6876,12900,0.000110466,0.000148578,0.000259044
bin-iter,718,0,718,0,6024,6876,12900,0.000104223,0.000152017,0.000256240
bin-iter,718,0,718,0,6024,6876,12900,0.000126982,0.000155320,0.000282302
bin-iter,718,0,718,0,6024,6876,12900,0.000111653,0.000151663,0.000263316
bin-iter,718,0,718,0,6024,6876,12900,0.000106054,0.000150782,0.000256836
bin-iter,718,0,718,0,6024,6876,12900,0.000104151,0.000155340,0.000259491
bin-iter,718,0,718,0,6024,6876,12900,0.000110268,0.000148611,0.000258879
bin-iter,718,0,718,0,6024,6876,12900,0.000106400,0.000186010,0.000292410
bin-iter,718,0,718,0,6024,6876,12900,0.000104829,0.000150443,0.000255272
bin-rec,718,0,718,0,5921,6876,12797,0.000108040,0.000191578,0.000299618
bin-rec,718,0,718,0,5921,6876,12797,0.000108761,0.000170333,0.000279094
bin-rec,718,0,718,0,5921,6876,12797,0.000110299,0.000191569,0.000301868
bin-rec,718,0,718,0,5921,6876,12797,0.000116678,0.000166931,0.000283609
bin-rec,718,0,718,0,5921,6876,12797,0.000118626,0.000168143,0.000286769
bin-rec,718,0,718,0,5921,6876,12797,0.000108651,0.000178567,0.000287218
bin-rec,718,0,718,0,5921,6876,12797,0.000112617,0.000160594,0.000273211
bin-rec,718,0,718,0,5921,6876,12797,0.000114547,0.000222181,0.000336728
bin-rec,718,0,718,0,5921,6876,12797,0.000107460,0.000186928,0.000294388
bin-rec,718,0,718,0,5921,6876,12797,0.000114312,0.000159853,0.000274165
bin-rec,718,0,718,0,5921,6876,12797,0.000131490,0.000161215,0.000292705
bin-rec,718,0,718,0,5921,6876,12797,0.000130200,0.000159848,0.000290048
bin-rec,718,0,718,0,5921,6876,12797,0.000116767,0.000158403,0.000275170
bin-rec,718,0,718,0,5921,6876,12797,0.000108489,0.000163403,0.000271892
bin-rec,718,0,718,0,5921,6876,12797,0.000131119,0.000167437,0.000298556
